flex_1,flex_2,flex_3,flex_4,flex_5,GYRx,GYRy,GYRz,ACCx,ACCy,ACCz
-60,-56,-27,-60,-1,0.12,0.32,-0.03,0.10,5.20,8.93
-60,-56,-31,-60,-1,-0.01,0.33,-0.03,-0.18,5.13,8.79
-60,-56,-31,-60,-1,-0.08,0.24,-0.05,-0.23,4.88,9.01
-60,-56,-31,-60,-1,-0.07,0.13,-0.01,-0.10,4.84,9.09
-60,-56,-31,-60,-1,0.10,0.16,0.05,-0.07,4.94,9.08
-60,-56,-31,-60,-1,0.17,0.23,0.09,-0.05,5.01,9.00
-60,-55,-31,-60,-1,0.06,0.27,0.09,-0.23,4.75,8.91
-60,-55,-31,-60,-1,-0.08,0.20,0.04,-0.27,4.40,9.00
-60,-55,-31,-60,-1,-0.08,0.13,-0.01,-0.14,4.29,8.93
-60,-56,-31,-60,-1,-0.01,0.16,-0.01,-0.10,4.26,8.86
-60,-56,-31,-60,-1,0.03,0.21,0.04,-0.03,4.56,8.88
-60,-56,-31,-60,-1,0.05,0.28,0.07,-0.10,4.57,8.63
-60,-56,-31,-60,-1,0.02,0.24,0.08,-0.27,4.99,8.66
-60,-56,-31,-60,-1,-0.01,0.22,0.12,0.00,5.09,8.47
-60,-56,-31,-60,-1,-0.04,0.26,0.20,0.00,5.06,8.61
-60,-56,-31,-60,-1,-0.00,0.37,0.28,-0.02,5.20,8.55
-60,-56,-31,-60,-1,0.01,0.46,0.31,-0.17,5.29,8.67
-60,-56,-31,-60,-1,-0.08,0.43,0.27,-0.38,5.18,8.75
-60,-56,-31,-60,-1,-0.08,0.37,0.27,-0.34,5.04,8.76
-60,-56,-31,-60,-1,0.03,0.39,0.35,-0.36,5.13,8.66
-60,-56,-31,-60,-1,0.16,0.44,0.45,-0.41,5.26,8.64
-60,-56,-31,-60,-1,0.09,0.45,0.50,-0.32,5.13,8.59
-60,-56,-31,-60,-1,-0.04,0.43,0.51,-0.26,4.83,8.64
-60,-56,-31,-60,-1,-0.05,0.45,0.51,-0.23,4.47,8.44
-60,-56,-31,-60,-1,0.02,0.50,0.55,-0.26,4.47,8.58
-60,-56,-31,-60,-1,0.07,0.56,0.57,-0.29,4.64,8.73
-60,-56,-31,-60,-1,-0.00,0.51,0.51,-0.23,4.65,8.73
-60,-54,-31,-60,-1,-0.07,0.47,0.42,-0.50,4.84,9.07
-60,-55,-31,-60,-1,-0.16,0.48,0.36,-0.86,4.92,9.44
-60,-55,-31,-60,-1,-0.24,0.41,0.31,-1.03,4.83,9.58
-60,-55,-31,-60,-1,-0.19,0.29,0.27,-1.15,4.72,9.59
-60,-55,-31,-60,-1,-0.03,0.23,0.25,-1.11,4.71,9.23
-60,-55,-35,-60,-1,0.02,0.19,0.25,-1.11,4.63,9.17
-60,-55,-35,-60,-1,-0.01,0.12,0.26,-0.95,4.44,8.90
-60,-56,-35,-60,-1,0.04,0.12,0.20,-0.77,4.36,8.65
-60,-56,-35,-60,-1,0.05,0.20,0.11,-0.89,4.09,8.95
-60,-56,-35,-60,-1,-0.01,0.26,-0.04,-1.10,4.56,8.73
-60,-56,-35,-60,-1,-0.03,0.37,-0.05,-1.40,4.43,8.90
-60,-56,-35,-60,-1,0.01,0.38,0.02,-1.55,4.76,8.91
-60,-56,-35,-60,-1,0.12,0.28,0.02,-1.36,4.88,8.53
-60,-57,-35,-60,-1,0.04,0.22,-0.04,-1.53,5.64,8.47
-60,-56,-35,-60,-1,-0.37,0.21,0.09,-1.44,5.71,9.15
-60,-57,-31,-60,-1,-0.51,0.28,0.22,-1.46,4.31,8.60
-60,-57,-31,-60,-1,-0.12,0.27,0.26,-1.57,4.57,8.53
-60,-57,-31,-60,-1,0.06,0.25,0.20,-1.46,5.09,8.45
-60,-58,-31,-60,-1,-0.23,0.19,0.12,-1.29,5.15,7.87
-60,-58,-31,-60,-1,-0.32,0.29,0.18,-1.35,5.02,8.10
-60,-60,-31,-60,-1,-0.24,0.41,0.24,-1.62,4.84,8.57
-60,-60,-31,-60,-1,-0.23,0.27,0.19,-1.64,4.75,8.74
-60,-60,-31,-60,-1,-0.31,0.12,0.10,-1.64,4.93,8.55
-60,-60,-31,-60,-1,-0.42,0.08,0.08,-1.55,4.46,8.46
-60,-60,-31,-60,-1,-0.32,0.11,0.17,-1.55,4.19,8.94
-60,-60,-35,-60,-1,-0.21,0.16,0.25,-1.51,3.96,9.24
-60,-60,-35,-60,-1,-0.16,0.08,0.20,-1.55,3.87,9.10
-60,-60,-35,-60,-1,-0.19,-0.06,0.11,-1.12,3.90,8.85
-60,-60,-31,-60,-1,-0.12,0.01,0.09,-0.88,4.79,8.89
-60,-60,-35,-60,-1,-0.13,0.22,0.07,-0.96,5.39,9.22
-60,-60,-35,-60,-1,-0.43,0.40,0.08,-1.35,5.18,9.62
-60,-60,-35,-60,-1,-0.76,0.24,0.09,-1.19,3.62,9.16
-60,-60,-31,-60,-1,-0.49,0.10,0.12,-1.34,3.30,9.23
-60,-60,-31,-60,-1,-0.12,0.04,0.06,-1.25,3.75,8.85
-60,-60,-31,-60,-1,-0.22,0.07,0.04,-1.15,3.70,9.46
-60,-60,-31,-60,-1,-0.44,0.11,0.11,-1.62,3.33,9.13
-60,-60,-35,-60,-1,-0.35,0.06,0.14,-1.81,3.32,9.40
-60,-60,-35,-60,-1,-0.47,-0.03,0.09,-1.73,2.91,9.36
-60,-60,-35,-60,-1,-0.49,-0.08,0.05,-1.43,2.72,9.04
-60,-60,-38,-60,-1,-0.22,0.07,0.04,-1.58,2.84,8.88
-60,-60,-38,-60,-1,-0.14,0.16,0.04,-1.91,2.89,9.01
-60,-60,-31,-60,-1,-0.14,0.13,0.03,-2.09,2.76,8.77
-60,-60,-31,-60,-1,0.03,0.00,-0.10,-2.04,3.17,8.61
-60,-60,-35,-60,-1,-0.03,0.16,-0.26,-1.77,2.85,8.06
-60,-60,-35,-60,-1,0.06,0.31,-0.18,-3.09,3.53,10.69
-60,-60,-35,-60,-1,-0.04,0.21,-0.31,-2.81,2.74,10.73
-60,-60,-35,-60,-1,-0.19,0.07,-0.44,-2.58,2.49,9.93
-60,-60,-35,-60,-1,0.13,0.12,-0.28,-1.99,3.10,9.02
-60,-60,-38,-60,-1,0.60,0.22,-0.09,-1.82,3.15,8.37
-60,-60,-38,-60,-1,0.60,0.02,-0.02,-2.20,3.95,9.19
-60,-60,-42,-60,-1,0.09,-0.10,-0.21,-2.81,4.07,10.07
-60,-60,-45,-60,-1,-0.36,0.04,-0.32,-1.75,2.73,8.78
-60,-60,-45,-60,-1,0.01,0.41,-0.29,-2.39,2.34,9.43
-60,-60,-42,-60,-1,0.56,0.46,-0.19,-2.48,3.24,8.97
-60,-60,-42,-60,-1,0.15,0.21,-0.27,-2.69,3.32,9.23
-60,-60,-45,-60,-1,-0.27,0.10,-0.30,-2.38,3.01,8.88
-60,-60,-45,-60,-1,-0.11,0.19,-0.26,-2.66,2.86,9.42
-60,-60,-49,-60,-1,-0.08,0.15,-0.22,-2.84,2.93,9.58
-60,-60,-49,-60,-1,-0.09,0.19,-0.16,-2.61,2.98,9.45
-60,-60,-49,-60,-1,-0.01,0.30,-0.13,-2.62,3.53,9.62
-60,-60,-52,-60,-1,-0.08,0.25,-0.18,-2.42,4.09,9.74
-60,-60,-52,-60,-1,-0.21,0.22,-0.13,-2.09,3.65,9.94
-60,-60,-52,-60,-1,-0.24,0.18,0.03,-2.26,3.22,9.64
-60,-60,-52,-60,-1,-0.25,0.09,0.13,-2.37,3.42,9.69
-60,-60,-56,-60,-1,-0.29,-0.01,0.13,-2.52,3.60,9.67
-60,-60,-56,-60,-1,-0.25,-0.14,0.13,-2.41,3.89,9.73
-60,-60,-60,-60,-1,-0.33,-0.21,0.17,-2.45,3.47,9.25
-60,-60,-60,-60,-1,-0.38,-0.13,0.21,-2.36,2.83,9.08
-60,-60,-60,-60,-1,-0.21,0.06,0.22,-2.17,2.78,8.98
-60,-60,-60,-60,-1,-0.04,0.08,0.20,-2.39,2.69,8.87
-60,-60,-60,-60,-1,0.11,-0.06,0.20,-2.63,2.26,9.62
-60,-60,-60,-60,-1,0.33,-0.32,0.10,-2.89,2.57,8.58
-60,-60,-60,-60,-1,0.39,-0.33,0.04,-2.89,3.78,8.83
-60,-60,-60,-60,-1,0.27,-0.29,0.12,-2.30,3.92,9.13
-60,-60,-60,-60,-1,0.19,-0.19,0.05,-2.92,3.66,8.36
-60,-60,-60,-60,-1,0.04,-0.13,-0.07,-2.32,4.04,8.27
-60,-60,-60,-60,-1,-0.20,0.04,-0.18,-2.15,3.15,8.45
-60,-60,-60,-60,-1,-0.10,0.18,-0.13,-2.13,2.96,8.58
-60,-60,-60,-60,-1,0.18,0.27,0.09,-2.22,2.83,8.66
-60,-60,-60,-60,-1,0.33,0.36,0.42,-1.91,3.43,8.16
-60,-60,-60,-60,-1,0.41,0.39,0.51,-2.10,3.20,9.46
-60,-60,-60,-60,-1,0.27,0.09,0.21,-1.75,3.44,8.83
-60,-60,-60,-60,-1,-0.02,-0.00,0.01,-1.37,3.85,8.26
-60,-60,-60,-60,-1,0.13,0.27,0.07,-1.96,4.47,9.41
-60,-60,-60,-60,-1,0.21,0.47,0.02,-2.05,3.50,9.92
-60,-60,-60,-60,-1,-0.27,0.14,-0.15,-2.79,2.47,11.89
-60,-60,-60,-60,-1,-0.08,-0.29,-0.16,-2.17,2.64,9.39
-60,-60,-60,-60,-1,0.41,-0.05,0.02,-2.12,4.19,9.64
-60,-60,-60,-60,-1,-0.03,0.09,-0.04,-1.95,3.67,9.82
-60,-60,-60,-60,-1,-0.34,-0.05,-0.14,-2.04,3.59,9.83
-60,-60,-60,-60,-1,-0.10,-0.10,-0.15,-2.06,3.81,9.73
-60,-60,-60,-60,-1,-0.24,-0.24,-0.20,-1.71,3.65,9.61
-60,-60,-60,-60,-1,-0.43,-0.17,-0.23,-1.86,3.28,9.70
